,policy_id,text_one,element_one
0,1,The arguments against the expansion at Heathrow are being made in bad faith by people with narrow and selfish interests.,Ad hominem
1,1,Building a third runway would be giving a blank cheque to the foreign-owned multinational company that runs Heathrow. ,Ad hominem
2,1,"The Airports Commission, an independent body established to study the issue, have argued that expanding Heathrow is ""the most effective option to address the UK's aviation capacity challenge"".",Appeal to authority/endorsement
3,1,The decision to expand Heathrow is the result of a fair and transparent process which weighed all the relevant concerns.,Appeal to fairness
4,1,We must learn from the lessons of history: failure to invest in transport infrastructure projects like the Heathrow expansion leads to increasing delays and increasing prices.,Appeal to history
5,1,Only by expanding Heathrow will Great Britain get the great international airport it deserves.,Appeal to national greatness
6,1,Air travel should not just be for elites: expanding Heathrow will make flights cheaper and more accessible for ordinary working people.,Appeal to populism
7,1,It is just common sense that an airport as congested as Heathrow should be expanded.,Common sense
8,1,"Expansion at Heathrow will bring real benefits across the country, including a boost of up to £74 billion to passengers and the wider economy, and these will easily surpass the costs of expansion.",Cost/benefit
9,1,"Major European international airports have more runways than Heathrow, putting the UK at a competitive disadvantage.",Country comparison
10,1,"Heathrow has a capacity crisis: without a third runway, delays will increase and more flights will be cancelled.",Crisis
11,1,"Heathrow does not need expanding, as it is already the beating heart of the UK aviation network.",Metaphor
12,1,It is wrong to let local interests get in the way of the national interest in having an internationally competitive airport.,Morality
13,1,A 2014 poll showed that many more people were in favour of a third runway at Heathrow than opposed it.,Public Opinion
14,1,"In addition to the immediate benefits of Heathrow expansion for passangers, it will have the side-effect of benefitting businesses and individuals right across the country by bringing additional growth to the UK economy.",Side Effects
15,1,Research from Greenpeace suggests that Heathrow expansion would increase greenhouse-gas emissions to levels that would be irreconcilable with internationally agreed levels.,Appeal to authority/endorsement
16,1,"The Heathrow expansion is another example of London and the south-east getting more than their fair share of investment, spending, jobs and benefits.",Appeal to fairness
17,1,"History show us that most large infrastructure projects do not lead to significant economic growth, which suggests that the expansion of Heathrow will fail to pay for itself.",Appeal to history
18,1,"Great nations don't waste money on vanity projects, and the expansion of Heathrow would be nothing more than a project of national vanity.",Appeal to national greatness
19,1,Expanding Heathrow will enrich a private foreign-owned business at the expense of higher fares for ordinary passengers.,Appeal to populism
20,1,"Given the obvious problems of expanding Heathrow, the common sense solution is to build additional capacity elsewhere.",Common sense
21,1,"The unnecessarily large costs of expansion at Heathrow will end up falling on taxpayers and airline passengers, and will outweigh any potential benefits.",Cost/benefit
22,1,"Expansion is not necessary, as Heathrow already has more international flights each week than either Charles de Gaulle or Frankfurt, both of which have more runways than Heathrow.",Country comparison
23,1,The crisis of noise and air pollution around Heathrow will only be made worse by the addition of a third runway.,Crisis
24,1,"Heathrow is the clogged artery of the UK aviation network, and expansion is the best possible treatment.",Metaphor
25,1,"As air travel is one of the largest contributers to the world's carbon emissions, we have a moral responsibility to reduce air travel, not to increase it by building bigger airports. ",Morality
26,1,"Recent polling shows that more people want to expand other London airports, rather than expanding Heathrow.",Public Opinion
27,1,An unintended consequence of expansion at Heathrow would be to add further vehicle traffic to an already overburdened motorway system around London.,Side Effects
28,2,The people who support Boxing Day opening are the people who get rich by exploiting their workers.,Ad hominem
29,2,The people who oppose Boxing Day sales are the sort of people who can afford to pay full price for everything.,Ad hominem
30,2,"The Union of Shop, Distributive and Allied Workers says that ever increasing opening hours have a big impact on workers and their families during the Christmas period.",Appeal to authority/endorsement
31,2,Boxing Day opening is particularly unfair to retail workers who have to work when others get the day off.,Appeal to fairness
32,2,"Historically, Boxing Day closure was normal because it was a bank holiday, and no business thought of doing anything other than closing.",Appeal to history
33,2,A great country like ours should put families not shopping at the centre of its holiday tradition.,Appeal to national greatness
34,2,"Boxing Day opening is only good for business elites, not for ordinary people.",Appeal to populism
35,2,"It is just common sense that large stores, which are open almost every day, should be closed on a public holiday.",Common sense
36,2,"The benefits to the 365,000 people in the UK retail industry who work on Boxing Day would far outweigh any costs to retailers.",Cost/benefit
37,2,No other country in the world has anything comparable to our tradition of Boxing Day sales and their companies are fine without it.,Country comparison
38,2,Boxing Day shopping is indicative of the compulsive consumerism that has left family life in crisis in this country.,Crisis
39,2,We have made Scrooge's policy of forcing workers back to their jobs on the day after Christmas into our national policy.,Metaphor
40,2,It is wrong to create a society where people have to work on holidays instead of spending time with their families. ,Morality
41,2,"In a recent survey, 92% of workers said that they did not want to have to work on Boxing Day.",Public Opinion
42,2,"An unintended consequence of shops being open on Boxing Day is that workers in a whole range of related services, such as waste collection, emergency services and transport, also have to work on a public holiday.",Side Effects
43,2,The British Retail Consortium say that Boxing Day trading is increasingly important to the profitability of many businesses.,Appeal to authority/endorsement
44,2,It is unfair for the Government to tell businesses to close their shops on one of the busiest days of the year.,Appeal to fairness
45,2,"Historically, people across many sectors worked on Boxing day.",Appeal to history
46,2,Boxing day sales are part of our great national Christmas holiday tradition.,Appeal to national greatness
47,2,"Most people like Boxing Day sales, it is typical elitism to try to ban them.",Appeal to populism
48,2,The current law provides a common sense balance between the interests of employers and workers with regard to Boxing Day trading.,Common sense
49,2,Banning high street outlets from opening the day after Christmas could cost retailers the £3.7 billion that was spent on Boxing Day last year.,Cost/benefit
50,2,"In the vast majority of countries, people do not have the day off work on Boxing Day.",Country comparison
51,2,Retail is in crisis and banning Boxing Day trading would only make matters worse.,Crisis
52,2,Only a real Scrooge would ban shopping at Christmas time.,Metaphor
53,2,It would be wrong for the government to interfere with Boxing Day trading by telling businesses how to run their shops and serve their customers.,Morality
54,2,"People vote with their feet, and huge numbers of the British public demonstrate each year how popular Boxing Day shopping is.",Public Opinion
55,2,An unintend consequence of banning Boxing Day opening would be to accelerate the decline of our high streets.,Side Effects
56,3,People who oppose the right to buy are hypocrites who already own their own homes.,Ad hominem
57,3,Right to buy is a scheme designed by people who want to eliminate public housing.,Ad hominem
58,3,"The National Housing Federation has argued that the right to buy will be good for residents, housing associations, and for the country's housing supply.",Appeal to authority/endorsement
59,3,We should extend the right to buy because it is unfair that council tenants can buy their homes but housing association tenants cannot.,Appeal to fairness
60,3,The introduction of the right to buy in the 1980s delivered one of the biggest transfers of wealth to working people of any policy in British history.,Appeal to history
61,3,"Owning one's home is a central part of the Great British dream, and extending the right to buy will help more people to realise that dream.",Appeal to national greatness
62,3,"Extending the right to buy will make home ownership possible for more ordinary people, not just for elites who can pay increasingly outrageous prices.",Appeal to populism
63,3,Introducting the right to buy for housing associations is a common sense approach to housing policy.,Common sense
64,3,"The potential benefits of extending the right to buy to the housing association sector are huge, as it would give 1.3 million tenants the right to become homeowners.",Cost/benefit
65,3,The existing stock of social housing in the UK is far larger than in either the US or in France and so we are well positioned to extend the right-to-buy.,Country comparison
66,3,Claims of a housing crisis in the UK are overblown; it would be a disaster for many aspirational people to be denied the opportunity to own their own homes.,Crisis
67,3,"An Englishman's home is his castle, and extending the right-to-buy will give more people the opportunity to own a castle of their own.",Metaphor
68,3,It is our moral duty to ensure that everyone has the oppurtunity to own their own home.,Morality
69,3,Home ownership is an aspiration for 86% of people in this country and extending the right to buy will make this attainable for more of them.,Public Opinion
70,3,"Extending the right to buy might have positive side effects, as people who own their own property have more incentive to look after it and the neighbourhood around it.",Side Effects
71,3,"The Chartered Institute of Housing has described extending the right to buy as a ""fire sale"" policy which will lead to a significant decline in affordable housing.",Appeal to authority/endorsement
72,3,"Extending the right to buy would be unfair, as the lack of social housing means that people can no longer live in the communities where they were born.",Appeal to fairness
73,3,"We should learn lessons from recent history, as the introduction of the right to buy in the 1980s decimated the social housing stock of this country.",Appeal to history
74,3,"Communities are at the centre of our great nation and we need a radical, ambitious, compassionate housing policy to strengthen them.",Appeal to national greatness
75,3,"Extending the right to buy will mean that prime properties will be flogged off to speculators and to buy-to-let landlords, not to ordinary families who are struggling to buy for the first time.",Appeal to populism
76,3,"It is common sense that if you force housing associations to sell off their properties, it will undermine those associations and make our housing problems worse.",Common sense
77,3,"Regardless of any benefits, extending the right-to-buy is too costly: it will add billions to the government's housing budget.",Cost/benefit
78,3,"In Scotland, where the government ended right-to-buy, waiting lists for council housing have shortened dramatically.",Country comparison
79,3,"The UK is in the midst of a chronic housing crisis, and extending the right to buy will only make it worse.",Crisis
80,3,Extending privitisation to housing association properties will rip the heart out of social housing in the UK.,Metaphor
81,3,It is immoral to further deplete the social housing stock through an extension of the right to buy policy.,Morality
82,3,"The public greatly prefers public renting to private renting, yet extending the right to buy would push more people into private rentals.",Public Opinion
83,3,One side effect of extending the right to buy is that it will be much more difficult for housing associations to function.,Side Effects
84,4,The people who are fighting new surveillance powers put no value on your safety.,Ad hominem
85,4,"Law enforcement agencies always want more information, they put zero value on your privacy.",Ad hominem
86,4,The National Crime Agency has made it clear that it is essential that our security services have more power to intercept electronic communications.,Appeal to authority/endorsement
87,4,Extending surveillance powers is the fairest way to protect all people in our country.,Appeal to fairness
88,4,"Historically, this country has repeatedly adapted how it engages in policing as communication technology has changed.",Appeal to history
89,4,"The quiet heroism of our security services should be a source of great national pride, and we must provide the tools they need to maintain their excellence.",Appeal to national greatness
90,4,We must protect ordinary people rather than cater to elite sensibilities about policy surveillance.,Appeal to populism
91,4,"The current law is clearly out of date, and so it is common sense to introduce new surveillance powers for new technologies.",Common sense
92,4,The small risk that surveillance powers will be inappropriately used is far outwieghed by the benefits they bring.,Cost/benefit
93,4,"In Germany, where the security services do not have necessary surveillance powers, successful investigations of terrorist-related individuals are much rarer than in the UK.",Country comparison
94,4,The crisis of recent attacks around the globe show the need for increased surveillance powers.,Crisis
95,4,"Without new powers, our law enforcement agencies will become increasingly unable to cope with the spider's web of criminal activity that is organised online.",Metaphor
96,4,"The primary moral duty of any government is to keep its people safe, and that is what increased surveillance powers will achieve.",Morality
97,4,"All surveys of public opinion suggest that people have a very high level of confidence in our intelligence and security services, and so extending surveillance powers will not be of great concern to them.",Public Opinion
98,4,A side-effect of increased surveillance powers is to make it more difficult for criminal and terrorist organisations to recruit.,Side Effects
99,4,"The National Council for Civil Liberties has argued that there is ""no operational case"" for the extension of surveillance powers.",Appeal to authority/endorsement
100,4,"Excessive survellance always ends up being unfair to law abiding people, no matter the promises made.",Appeal to fairness
101,4,The historical abuses of state surveillance powers are too many to list.,Appeal to history
102,4,We have a great tradition in Britain of protecting our liberty and our privacy from unnecessary state surveillance. ,Appeal to national greatness
103,4,"We must ensure that we have safeguards that protect ordinary people from surveillance, intrusion and abuse by unaccountable elites.",Appeal to populism
104,4,It is common sense to be concerned about ever increasing surveillance powers that reach further and further into the lives of everyone in this country.,Common sense
105,4,"Law enforcement agents like to claim the benefits of extending their surveillance powers will be large, but they never talk about the costs of doing so.",Cost/benefit
106,4,"We should be reluctant to extend police surveillance powers when judicial oversight of the use of these powers is weaker in the UK than it is in the USA, Australia, Canada, or New Zealand.",Country comparison
107,4,The reason that supporters of extending surveillance powers pretend there is a security crisis is that they know people will not support these measures without one.,Crisis
108,4,Extending surveillance powers allows the tentacles of government to wind their way further and further into our private lives.,Metaphor
109,4,It is immoral to engage in the mass collection of private data from people who have not been accused of doing anything wrong.,Morality
110,4,"The public do not have confidence in the system of checks and balances that currently regulates our surveillance system, let alone for a new set of investigatory powers.",Public Opinion
111,4,"One unattractive side-effect of the extension of surveillance powers is the chilling effect it would have on journalists, who need to be able to gather information without the fear of their sources being exposed.",Side Effects
112,5,Anti-fracking environmental messages are often promoted by Russia with the goal of maintaining other countries' dependence on Russian gas and oil supplies.,Ad hominem
113,5,"Fracking companies are interested in their own short-term profits, this push for drilling is nothing more than selfishness.",Ad hominem
114,5,The government's Chief Scientific Advisor has said that fracking could dramatically increase accessible UK natural gas reserves.,Appeal to authority/endorsement
115,5,It is unfair to make people pay more to heat their homes because of misplaced concerns about fracking.,Appeal to fairness
116,5,"The UK has a long history of effective regulation of successful and safe onshore and offshore gas extraction, and there is no reason for fracking to be any different.",Appeal to history
117,5,"Fracking has the potential to help make the UK a world leader in new energy technologies, and to make it self-sufficient in energy production.",Appeal to national greatness
118,5,"Fracking will enable us to reduce the cost of fuel, which may not be much concern to elites, but matters a great deal to ordinary people who are struggling to get by.",Appeal to populism
119,5,It is common sense that we should use fracking to take advantage of the natural gas resources that we have.,Common sense
120,5,The benefits of fracking include both lower gas prices and jobs in communities that desparately need them.,Cost/benefit
121,5,"In the US, the development of new fracking technologies has helped to increase domestic energy production, reduced carbon emissions and improved the security of energy supply.",Country comparison
122,5,The climate change crisis can be most effectively addressed if we use all the tools at our disposal to reduce carbon emissions: gas from fracking is better for the environment than coal or oil.,Crisis
123,5,Fracking can provide a bridge to a greener future.,Metaphor
124,5,"It is our moral duty to take responsibility for generating our own energy supplies, and fracking can help us to achieve this.",Morality
125,5,The tiny group of people who protest about fracking are not at all representative of public opinion.,Public Opinion
126,5,"One side-effect of fracking would be to decrease the usage of oil and coal, thereby reducing pollution and greenhouse gas emissions. ",Side Effects
127,5,"The Committee on Climate Change, the government's official advisers, has said that shale gas production through fracking will break the UK's climate change targets.",Appeal to authority/endorsement
128,5,Fracking is unfair to those residents who live closest to the drilling sites.,Appeal to fairness
129,5,History shows us that government regulation does not prevent environmental disasters and fracking creates a high risk of accidents.,Appeal to history
130,5,"The UK should be leading the world by adopting clean and renewable energy sources, not investing further in fossil fuels such as those produced by fracking.",Appeal to national greatness
131,5,"Fracking will produce windfall profits for energy multinationals, but little benefit for ordinary people.",Appeal to populism
132,5,It is common sense that as we are trying to address climate change we should not be using fracking to increase our use of fossil fuels.,Common sense
133,5,The benefits that could results from fracking are too uncertain to justify the costs of extracting gas in this way in the UK.,Cost/benefit
134,5,"In the US, fracking has caused increased earthquakes and water supplies so tainted with gas that kitchen taps can sustain a flame.",Country comparison
135,5,The climate change crisis cannot be effectively addressed through fracking: we will just be switching between different non-renewable fossil fuel energy sources.,Crisis
136,5,Fracking is another scorched earth resource extraction technology.,Metaphor
137,5,It is our moral duty to protect the environment from a risky fracking scheme with unclear benefits.,Morality
138,5,A recent survey showed that only 19% of people support fracking.,Public Opinion
139,5,One side-effect of exploratory fracking seems to be that it can cause small earthquakes. ,Side Effects
140,6,"Currently, train fare increases go straight into the pockets of greedy franchise owners.",Ad hominem
141,6,Greedy unions think that it will be easier for them to get large wage increases from a nationalised railway system.,Ad hominem
142,6,"A recent report by the Institute for Public Policy Research shows that privitisation has not delivered on its promises, as it still takes longer to get from Liverpool to Hull than it does to get from London to Paris.",Appeal to authority/endorsement
143,6,"In recent years, fares have increased three times faster than wages, which is unfair to people who can no longer afford them.",Appeal to fairness
144,6,The current franchise system is a mess that emerged from the hurried privatisation in the 1990s.,Appeal to history
145,6,"Great Britain deserves to have a great railway system, not a collection of mediocre franchises.",Appeal to national greatness
146,6,Normal people are being priced out of the railways; nationalisation would make sure that the railways are accessible for all.,Appeal to populism
147,6,"If private sector rail franchises repeatedly fail, it is only common sense to take them into public ownership permanently.",Common sense
148,6,The current system is one where franchise owners get most of the benefits and the taxpayer is left with most of the cost. ,Cost/benefit
149,6,"Rail fares are a great deal more expensive in the UK than in countries like Germany, where the government owns and controls significantly more of the railway infrastructure.",Country comparison
150,6,The current franchise system has been responsible for a series of transport crises throughout the country.,Crisis
151,6,"The current system has gone completely off the rails, but there is light at the end of the tunnel: we must go full steam ahead with nationalisation.",Metaphor
152,6,"The current franchising system, where corporations profit from taxpayer subsidies, is fundamentally wrong.",Morality
153,6,Poll after poll shows that people are dissatisfied with the train services they receive throughout the country.,Public Opinion
154,6,One side-effect of nationalisation could be to eliminate regional differences in the quality of rail provision.,Side Effects
155,6,Experts from Edinburgh Napier University suggest that nationalisation is unlikely to solve existing problems facing the UK's railways.,Appeal to authority/endorsement
156,6,It is not fair to ask people who do not use the railways to pay for them through the increased taxes that would be required for nationalisation.,Appeal to fairness
157,6,The current franchise system is enabling a larger investment in railways infrastructure than at any time since the Victorian era.,Appeal to history
158,6,"It was private investment that created a great railway system in this country, and it was nationalisation that did so much to diminish it.",Appeal to national greatness
159,6,Nationalisation will just hand more power to London elites and there will be even less attention paid to the transport needs of ordinary people around the country.,Appeal to populism
160,6,Private sector rail franchises are a common sense way of administering the railway network.,Common sense
161,6,"Nationalisation is unlikely to improve the quality of service for the public, and it would inevitably be disruptive, costly and time-consuming.",Cost/benefit
162,6,"Under the current private system, use of the rail network has grown faster than in most European countries.",Country comparison
163,6,"The railways are not in the crisis some would have us believe, and nationalisation would only leave staff, passengers and taxpayers worse off.",Crisis
164,6,"The franchise system has been chugging along nicely, and we should be clear that the likely consequence of nationalisation would be to create a complete train wreck.",Metaphor
165,6,Many people never use the railways and so it is wrong to ask all taxpayers to pay for the costs of nationalisation.,Morality
166,6,The best sign of public support for the current franchise system is that since 1997 the total number of passengers on British railways has doubled.,Public Opinion
167,6,One side-effect of nationalisation of the railways would be to put all the financial risk onto the taxpayer.,Side Effects
168,7,Those who oppose quotas are just afraid of letting women into their cosy boys' club.,Ad hominem
169,7,Those who promote quotas are just virtue signalling.,Ad hominem
170,7,A recent report by the European Institute for Gender Equality which endorsed quotas shows that there has been no progress in the UK for women in business over the past decade.,Appeal to authority/endorsement
171,7,It is fair to increase the number of women on business boards so that everyone has an equal chance of getting these prestigious positions.,Appeal to fairness
172,7,"The historical pace of change in women's representation at the top of businesses is too slow, we need to now take active measures to achieve equality.",Appeal to history
173,7,"It should be a point of great pride that women in Britain are fundamental to our economic success, and adopting quotas would ensure that the UK is a great leader on this issue.",Appeal to national greatness
174,7,"Quotas will not only help elite women, but also help ordinary women in normal jobs whose lives are shaped by the decisions of those on corporate boards.",Appeal to populism
175,7,"It is common sense that if businesses are failing to keep up with the modern world, you need to take stronger measures -- such as implementing quotas -- to help them catch up.",Common sense
176,7,"Quotas have clear business benefits, as organisations with the highest level of gender diversity in their leadership teams are 15% more likely to outperform their industry rivals. ",Cost/benefit
177,7,"We should follow the lead of the Scottish government, as they have committed to achieving gender balance on private, public, and third sector boards by 2020.",Country comparison
178,7,The current lack of women on boards represents a real crisis of wasted talent and potential.,Crisis
179,7,Quotas will mean more powerful women on corporate boards who can act as beacons of light for other women in business.,Metaphor
180,7,"It is a moral failure, in a society that aspires to be equal, to have such extraordinary low numbers of women in important positions.",Morality
181,7,The UK public is strongly in favour of providing more opportunities for women to take on leadership roles in business.,Public Opinion
182,7,One side effect of having more women on corporate boards is that there will be more role models for other women in business.,Side Effects
183,7,"The CEO of Burberry summed up the argument against quotas well recently by arguing ""Just put the best person into the job. It is not about gender, it is about experience, leadership and vision"". ",Appeal to authority/endorsement
184,7,"Like any other job, positions on business boards should be allocated fairly on the basis of qualifications, not quotas.",Appeal to fairness
185,7,"History shows that quotas are unnecessary: there are now no all-male boards in the FTSE 100, compared with 21 such boards in 2011, and the percentage of women on FTSE 350 boards has more than doubled since 2010.",Appeal to history
186,7,"We should be proud of the extraordinary performance of the UK's many great businesses, and we should not risk that success with the imposition  of unnecessary quotas.",Appeal to national greatness
187,7,"We should be focussing on the position of ordinary working women, not on flashy quotas for the number of elite women on corporate boards.",Appeal to populism
188,7,It is common sense that we should not interfere in who businesses put on their corporate boards.,Common sense
189,7,"The benefits of gender balance on boards are uncertain, as there is no definitive link between more gender diversity and stronger performance, but the costs are concrete, as business are more constrained in who they can hire.",Cost/benefit
190,7,"We should not make gender quotas an issue of law, but rather -- like many other EU countries -- allow businesses to take a voluntary approach to board and CEO recruitment.",Country comparison
191,7,"Quotas are not necessary because there is no gender representation ""crisis"", and progress is being made and will be made over time.",Crisis
192,7,"Boardroom quotas are no more than a sticking plaster, and they will do nothing to address the root causes of women's underrepresentation in business.",Metaphor
193,7,Enforced quotas are immoral because they prevent hiring on the basis of individual merit.,Morality
194,7,"In this country, the vast majority of women are not in favour of quotas.",Public Opinion
195,7,One unintended consequence of mandatory gender quotas is that they may create the perception that women on boards are not there by merit.,Side Effects
196,8,Those who oppose recreational cannabis use are mostly the type of people who never got invited to parties when they were young.,Ad hominem
197,8,Many of those who campaign to legalise cannabis would really like to legalise all drugs.,Ad hominem
198,8,"Transform, a charitable think-tank that campaigns for the regulation of drugs, argues that prohibition is a proven failure that will never be successful in protecting individuals or society from the misuse of drugs.",Appeal to authority/endorsement
199,8,It is unfair to characterise responsible cannabis users as criminals.,Appeal to fairness
200,8,"Looking back through the history of UK drugs policy reveals that criminalization does not work, we need fresh thinking and a new approach.",Appeal to history
201,8,The test of a great country is its ability to set sensible policies in difficult areas rather than trying to implement bans that cannot be effectively enforced.,Appeal to national greatness
202,8,"Elites already ignore drug laws, it is only ordinary people who ever get punished for using cannabis.",Appeal to populism
203,8,It is common sense to legalise cannabis given that it is less dangerous than legal drugs like alcohol and tobacco.,Common sense
204,8,One of the biggest costs of cannabis prohibition is to enrich the organised criminals who provide drugs.,Cost/benefit
205,8,"There is clear movement in many countries towards legalisation of cannabis: recreational use is now decriminalised in Canada, the Netherlands and also in some states in the USA.",Country comparison
206,8,We should treat it as a crisis that we have criminalized large numbers of people for harmless use of cannabis.,Crisis
207,8,People who use cannabis recreationally are not monsters; what is monstrous is a society that makes every small vice illegal.,Metaphor
208,8,"If it is morally permitted to get drunk in a pub, how can it be morally wrong to smoke cannabis in the privacy of your own home?",Morality
209,8,"According to a recent poll, the majority of the UK public back the decriminalisation of cannabis for recreational use.",Public Opinion
210,8,One attractive side-effect of legalising canabis is the additional tax revenue it would bring to the government.,Side Effects
211,8,A report by the Royal College of Psychiatrists highlights that regular users of cannabis have double the risk of developing psychotic episodes or long-term schizophrenia.,Appeal to authority/endorsement
212,8,Legalisation is unfair to the people who will be drawn into drug dependency.,Appeal to fairness
213,8,The terrible history of drug dependency in this country should be a stark reminder of the dangers of legalising drugs for recreational use.,Appeal to history
214,8,"Britain has led the world in introducing policies to reduce harmful drug use, we should not abandon these important values.",Appeal to national greatness
215,8,The elites who want to be able to smoke cannabis legally do not recognise the potential damage of more widespread use to ordinary people.,Appeal to populism
216,8,It is common sense that we do not want people using cannabis and so it should remain illegal.,Common sense
217,8,"The productivity costs associated with widespread cannabis use would be substantial, there is good reason why it is not legal.",Cost/benefit
218,8,There are very few countries in the world that have legalised cannabis.,Country comparison
219,8,"There is no crisis to be solved by the legalisation of cannabis, but there might be one created by it.",Crisis
220,8,"Legalisation is a slippery slope, where we will start with cannabis and slide towards the gutter.",Metaphor
221,8,"It is just wrong to use drugs to get stoned out of one's mind, it undermines one's self-control, leads to other wrongdoing, and above all it is morally degrading.",Morality
222,8,Public opinion is firmly against the legalisation of cannabis for recreational use.,Public Opinion
223,8,An unintended consequence of legalizing cannabis would be to encourage children to try it.,Side Effects
224,9,University Vice Chancellors are getting rich off the fees that young people pay and the debts that they take on.,Ad hominem
225,9,The people who think you can slash fees without harming universities are just naïve.,Ad hominem
226,9,The Institute for Fiscal Studies reports that 77% of UK graduates will never pay off their full debt.,Appeal to authority/endorsement
227,9,"Current tuition fees are unfair for students from disadvantaged backgrounds, because they end up with the largest debts due to a lack of support for living costs.",Appeal to fairness
228,9,"The current system means that young people have a worse deal than their parents and grandparents, who went to university for free.",Appeal to history
229,9,"Great countries provide great education to all, they do not saddle young people with debt they will never repay.",Appeal to national greatness
230,9,"High tuition fees cause no problems for the children of elites, but put ordinary young people deep in debt.",Appeal to populism
231,9,"The existing tuition fee system is not working as planned, and so it is simply common sense to make changes.",Common sense
232,9,The cost of budget tightening for universities pales in comparison to the benefits of reduced debt levels for students.,Cost/benefit
233,9,Students in England currently have the greatest amounts of student debt in the developed world -- greater even than those in the United States of America.,Country comparison
234,9,The current tuition fee system is not even ten years old and we already have a crisis where many UK graduates are never expected to pay off their debts in full.,Crisis
235,9,Young people are being crushed by the weight of debt created by current levels of university tuition fees.,Metaphor
236,9,"It is wrong that under the existing system new graduates get a letter that effectively says: ""Congratulations on graduating. Now we want the money back.""",Morality
237,9,The National Audit Office reported that two thirds of students consider that universities do not provide good value for money.,Public Opinion
238,9,Declining mental health in students is an unintented consequence of the high levels of debt that students are taking on.,Side Effects
239,9,The current system works: the Institute for Fiscal Studies has shown that our universities are better funded than they have been at any point during the past 30 years.,Appeal to authority/endorsement
240,9,"Reducing tuition fees would be unfair to those who never got the advantage of a university degree, as they will have to pay extra tax to help university graduates improve their incomes.",Appeal to fairness
241,9,"We should not be nostalgic about the lower tuition fees of the past, which provided university education to many fewer students.",Appeal to history
242,9,The current tuition fee system has given us a terrific university sector in the UK that attracts huge numbers of fee paying international students.,Appeal to national greatness
243,9,"If we cut tuition fees, universities will need money from the public purse, so why should a taxi driver's taxes pay for a future banker's time at Oxford?",Appeal to populism
244,9,Common sense dictates that the people who get the benefits of higher education ought to be the ones to pay for it through their tuition fees.,Common sense
245,9,"If the government cuts university fees without providing money to universities from tax revenues, there will be a devastating cost to the quality of education.",Cost/benefit
246,9,"Scotland has moved to a system of free higher education while maintaining bursaries for young people from disadvantaged backgrounds, allowing Scottish students to graduate with the lowest debt in the UK.",Country comparison
247,9,Cutting university fees without increasing taxpayer support would create a financing crisis in the higher education sector.,Crisis
248,9,"Our universities are modern-day cathedrals, and reducing funding would erode the foundations on which they are built.",Metaphor
249,9,"The current fees are based on the basic moral principle that students with degrees earn more money than those without, and so they should pay for their degrees.",Morality
250,9,"Many people think that students should pay for their own education, and even more think that the taxpayer should not.",Public Opinion
251,9,"Since only high earners fully pay back their loans under the current system, lowering fees will have the unintended effect of primarily benefitting those who earn the most.",Side Effects
252,10,Only hippies and cowards think it is a good idea to unilaterally drop our nuclear deterrant.,Ad hominem
253,10,The military industrial complex is lobbying hard to spend massive amounts of public money on a Trident replacement.,Ad hominem
254,10,"Experts within the UK armed forces emphasise the strategic importance of the Trident deterrent, particularly in our relationship with our NATO allies.",Appeal to authority/endorsement
255,10,"Failing to renew Trident would be unfair to our children, who face an increasingly dangerous world.",Appeal to fairness
256,10,Our Trident nuclear deterrent has been a vital part of our national security strategy for over half a century.,Appeal to history
257,10,The Trident system guarantees the UK a place at the world's top table.,Appeal to national greatness
258,10,The only people who think that it is not important for UK to have a strong nuclear deterrent are metropolitan elites.,Appeal to populism
259,10,It is common sense that we must have a strong nuclear deterrent in a world where nations like Russia and North Korea have nuclear weapons.,Common sense
260,10,"Although it is expensive, the benefits of Trident are considerable: no alternative system is as capable, resilient or cost-effective as a Trident-based deterrent. ",Cost/benefit
261,10,"We do not want to lag behind other major world powers -- including Russia, the US, China and France -- who are in the process of spending billions of pounds renewing their own submarine-based nuclear weapons.",Country comparison
262,10,A submarine-based nuclear deterrant is the best defence against a potential nuclear crisis.,Crisis
263,10,Giving up our nuclear deterrant will leave us naked in global power politics.,Metaphor
264,10,"If the consequence of possessing a nuclear weapon is that nobody else launches their own, and thus a conflict in which many millions would die is averted, then it is a moral imperative to possess that weapon.",Morality
265,10,"In poll after poll, two thirds of the British people endorse keeping and updating our Trident nuclear weapons system.",Public Opinion
266,10,One side effect of renewing the Trident system is that it will provide employment and economic benefits to many parts of the country.,Side Effects
267,10,A recent report by Chatham House documents 13 incidents since 1962 in which nuclear weapons have nearly been used in error.,Appeal to authority/endorsement
268,10,It is not fair to spend vast amounts of money on our nuclear arsenal when that money is desparately needed elsewhere.,Appeal to fairness
269,10,"The Trident system was designed to deter the Soviet Union, which no longer exists.",Appeal to history
270,10,Great Britain does not need status-symbol weapons such as Trident in order to hold on to our place as a leading nation in the world. ,Appeal to national greatness
271,10,"These kinds of weapon systems are just toys for elites, they are irrelevant to the concerns of ordinary people.",Appeal to populism
272,10,It is common sense to not spend a substantial fraction of our defense budget on weapons systems that will never be used.,Common sense
273,10,"Replacing Trident would have considerable costs, as it would require an additional 6% of the UK's defence budget, which will further reduce the amount we can spend on conventional armed forces.",Cost/benefit
274,10,"Other countries -- including South Africa, Brazil and Argentina -- have made serious unilateral efforts to bring about nuclear disarmament, and we should join them.",Country comparison
275,10,"The crisis in our military is the decline of our conventional forces, and we should spend our money addressing this very real problem, rather than on renewing Trident.",Crisis
276,10,Spending enormous amounts on Trident is like buying a tank to try to fight a swarm of mosquitoes.,Metaphor
277,10,Nuclear weapons are morally obscene: a technology that is capable of destruction and death at an indiscriminate and barbaric level.,Morality
278,10,"A recent survey suggests that the UK public are in favour of finding a cheaper way of keeping nuclear weapons, rather than renewing the Trident system.",Public Opinion
279,10,One side effect of our continuing possession of nuclear weapons is to encourage other countries to maintain their own nuclear arsenals.,Side Effects
280,11,Opponents of overseas aid spending just do not care about the suffering of people around the world.,Ad hominem
281,11,Supporters of overseas aid spending care more about people abroad than about people at home.,Ad hominem
282,11,Oxfam says that overseas development aid has helped it to address several critical problems across the world.,Appeal to authority/endorsement
283,11,Overseas aid contributes to making the world a bit fairer for those who were unlucky to be born in poor countries.,Appeal to fairness
284,11,The UK has a long history of assisting countries that are desperately in need.,Appeal to history
285,11,The UK's commitment to overseas aid is part of what makes us who we are; it is part of the values of our country; it is part of what makes Britain great.,Appeal to national greatness
286,11,We must show solidarity with the common people of other countries and do what we can to protect them from corrupt elites.,Appeal to populism
287,11,"If we want to help the neediest, it is common sense to do so in the poorest parts of the world, where even small amounts of money can make an enormous difference.",Common sense
288,11,"Some of the benefits of UK foreign aid include providing nutrition to more than 28 million children and pregnant women, providing doctors for more than 5 million births, and providing 13 million people with emergency food assistance.",Cost/benefit
289,11,"The UK is one of six countries now meeting the UN target for overseas aid, which include Norway, Sweden and Denmark.",Country comparison
290,11,"Predictable aid flows allow agencies to put measures in place that mean that when crisis or disaster strikes, the resources are there to be mobilised immediately.",Crisis
291,11,The money we spend on foreign aid is the lifeblood of development in countries across the world.,Metaphor
292,11,Spending on overseas aid allows us to fulfill our moral duty to support those in need around the world.,Morality
293,11,Repeated opinion polls show that a majority of people in the United Kingdom support spending on overseas aid.,Public Opinion
294,11,One positive side-effect of our investment in overseas aid is that it helps to stengthen our diplomatic ties with many countries around the world.,Side Effects
295,11,The Overseas Development Institute stated that much of our aid money fails to promote peace and stability in poor countries.,Appeal to authority/endorsement
296,11,Overseas aid is unfair to people in poor countries because it undermines the development of their countries by making them reliant on handouts.,Appeal to fairness
297,11,UK government spending on overseas aid is far higher now than at any point in the past and should be brought back down to historical levels.,Appeal to history
298,11,Great countries look after their own citizens: we should spend our money here rather than overseas.,Appeal to national greatness
299,11,"Up and down the country, ordinary people are asking ""why are we spending our money on overseas aid, when children are going hungry here?""",Appeal to populism
300,11,Common sense tells us that our first priority should be to help those in this country who are suffering.,Common sense
301,11,"The £14 billion we spend on aid each year costs us the ability to invest at home on nurses, teachers and police.",Cost/benefit
302,11,"The UK spends far more than Japan, the United States, Italy, Portugal and Spain, each of which spend only 0.2% of their GDP on foreign aid.",Country comparison
303,11,"Our own social safety net is currently in crisis, we can ill-afford to send more money abroad.",Crisis
304,11,Money spent on foreign aid may just as well be poured down the drain.,Metaphor
305,11,"In our effort to spend enough aid money to meet a fixed target, we end up supporting immoral causes.",Morality
306,11,"More than 100,000 people signed a petition to call on the government to reduce spending on overseas aid.",Public Opinion
307,11,"Overseas aid often has unintended consequences, for example if you deliver free food to a country, it makes it difficult for farmers in that country to make a living.",Side Effects
308,12,Large confectionary companies are spending millions to make sure the government does not adopt a sugar tax.,Ad hominem
309,12,Sugar tax supporters think that other people are too stupid to make healthy choices themselves.,Ad hominem
310,12,Public Health England suggests that a price increase on high sugar products would lead to a decrease in sugar consumption.,Appeal to authority/endorsement
311,12,A sugar tax is important because it helps to all children a fair chance of a healthy life.,Appeal to fairness
312,12,"There is plenty of historical evidence that Government action can change people's behaviour, and a sugar tax would be no different.",Appeal to history
313,12,"If a sugar tax is implemented, the UK would become a world leading role model for other countries seeking to improve public health.",Appeal to national greatness
314,12,A sugar tax makes business elites pay for the costs of childhood obesity that they have done so much to encourage.,Appeal to populism
315,12,"It is just common sense that if a sugar tax is introduced, people will consume less sugar and the government will both gain tax revenue and save money on the health service.",Common sense
316,12,"A 20% sugar tax would raise about £1 billion, which would benefit areas of the budget that are currently being cut.",Cost/benefit
317,12,"There is evidence from Mexico and France that when a sugar tax is implemented, people's behaviour starts to change and they start to choose sugar-free alternatives.",Country comparison
318,12,"A sugar tax could help us to address the current obesity crisis, which is marked by the fact that nearly half of children are now overweight.",Crisis
319,12,Big sugar has its hand on the throat of the Government and it is big sugar that determines policy.,Metaphor
320,12,For the government to fail to address the dangers of high sugar consumption would be a great moral dereliction of duty.,Morality
321,12,Recent opinion polls suggest that a majority of the public are in favour of a sugar tax.,Public Opinion
322,12,One potential side-effect of a sugar tax would be to reduce the amount that the government has to spend each year on obesity treatments.,Side Effects
323,12,Public Health England have concluded that a sugar tax on its own will have a limited effect in reducing the nation's sugar intake.,Appeal to authority/endorsement
324,12,It would be fairer if we subsidised access to good food rather than putting up taxes on bad food like sugar.,Appeal to fairness
325,12,"The experience of recent years provides an argument against a sugar tax, as voluntary action by industry has resulted in tonnes of sugar being removed from products without any need for new taxes.",Appeal to history
326,12,The great people of our country should be trusted to make their own decisions -- they do not need a tax on sugar to tell them what is healthy.,Appeal to national greatness
327,12,Taxes on sugar will inevitably hit ordinary people harder than avocado-eating metropolitan elites.,Appeal to populism
328,12,Common sense dictates that the state should not use taxes as a way of telling people how to live their lives.,Common sense
329,12,"A 20% sugar tax would raise about £1 billion, a cost that would fall disproportionately on the poor, who spend a larger share of their money on food and drink.",Cost/benefit
330,12,There simply is no good evidence from other countries that sugar taxes have the desired effect on health.,Country comparison
331,12,"A sugar tax would be yet another example of the increasing interference of the government in everyday life, which is a crisis that we must address.",Crisis
332,12,A sugar tax is yet another example of the nanny state telling us what to do.,Metaphor
333,12,It is simply wrong for the government to use a sugar tax to interfere with what people choose to eat and drink.,Morality
334,12,Recent opinion polls suggest that a majority of the public are against a sugar tax.,Public Opinion
335,12,A likely unintended consequence of a sugar tax would be for companies to introduce other unhealthy sweetening agents into our drinks.,Side Effects
